model_name,accuracy,precision,recall,f1_score,auc,n_samples,n_positive,n_negative
LightGBM,0.988928762171766,0.7483650337569849,0.6597153157633019,0.7012495767296273,0.9912884833890913,6534590,128704,6405886
