model_name,accuracy,precision,recall,f1_score,auc,n_samples,n_positive,n_negative
LightGBM,0.980315214879587,0.5391304347826087,0.003853804077573347,0.007652903783250015,0.9188693308585009,6534590,128704,6405886
