model_name,accuracy,precision,recall,f1_score,auc,n_samples,n_positive,n_negative
LightGBM,0.9889732944224504,0.749728886185098,0.6607020760815515,0.7024057821373257,0.9912692877822693,6534590,128704,6405886
