model_name,accuracy,precision,recall,f1_score,auc,n_samples,n_positive,n_negative
LightGBM,0.9971495385180984,0.9101099967648011,0.8743007210343113,0.8918460514218686,0.998939983169648,9574590,128704,9445886
DL_MLP,0.9960047375396753,0.8680191066735021,0.8288009696668325,0.8479568191483865,0.9974496337505022,9574590,128704,9445886
